"position"	"csBase"	"pSNPBase"	"frequency"	"StartTR"
"1"	2564	"t"	"A"	10	0
"2"	7290	"a"	"G"	10	20
"3"	7604	"g"	"A"	10	40
"4"	5871	"g"	"A"	10	60
"5"	5593	"c"	"A"	10	80
"6"	6634	"g"	"A"	10	100
"7"	2008	"t"	"A"	10	120
"8"	8661	"a"	"G"	10	140
"9"	1939	"t"	"A"	10	160
"10"	7956	"a"	"G"	10	180
"11"	2268	"g"	"A"	6	0
"12"	1986	"c"	"A"	6	12
"13"	1659	"g"	"A"	6	24
"14"	4238	"t"	"A"	6	36
"15"	906	"a"	"G"	6	48
"16"	6730	"g"	"A"	6	60
"17"	1511	"t"	"A"	6	72
"18"	5649	"g"	"A"	6	84
"19"	5219	"g"	"A"	6	96
"20"	6229	"t"	"A"	6	108
"21"	2421	"t"	"A"	5	120
"22"	6715	"t"	"A"	5	130
"23"	6448	"g"	"A"	5	140
"24"	4896	"g"	"A"	5	150
"25"	7568	"g"	"A"	5	160
"26"	7039	"c"	"A"	5	170
"27"	1329	"t"	"A"	5	180
"28"	8733	"a"	"G"	5	190
"29"	3951	"c"	"A"	5	0
"30"	4173	"g"	"A"	5	10
"31"	8083	"c"	"A"	4	20
"32"	8699	"c"	"A"	4	28
"33"	5746	"a"	"G"	4	36
"34"	8039	"a"	"G"	4	44
"35"	6605	"a"	"G"	4	52
"36"	1409	"g"	"A"	4	60
"37"	8187	"a"	"G"	4	68
"38"	1978	"c"	"A"	4	76
"39"	2308	"a"	"G"	4	84
"40"	7791	"a"	"G"	4	92
"41"	1993	"a"	"G"	3	100
"42"	4093	"t"	"A"	3	106
"43"	400	"t"	"A"	3	112
"44"	7543	"g"	"A"	3	118
"45"	3402	"c"	"A"	3	124
"46"	4825	"c"	"A"	3	130
"47"	6323	"t"	"A"	3	136
"48"	3131	"c"	"A"	3	142
"49"	4226	"g"	"A"	3	148
"50"	8056	"a"	"G"	3	154
"51"	2146	"g"	"A"	2	160
"52"	3846	"g"	"A"	2	164
"53"	5014	"a"	"G"	2	168
"54"	7967	"c"	"A"	2	172
"55"	7190	"a"	"G"	2	176
"56"	2162	"g"	"A"	2	180
"57"	8111	"t"	"A"	2	184
"58"	2618	"c"	"A"	2	188
"59"	8041	"g"	"A"	2	192
"60"	4812	"a"	"G"	2	196
"61"	596	"g"	"A"	1	0
"62"	6752	"c"	"A"	1	2
"63"	5449	"a"	"G"	1	4
"64"	8275	"t"	"A"	1	6
"65"	4106	"c"	"A"	1	8
"66"	4783	"a"	"G"	1	10
"67"	8180	"a"	"G"	1	12
"68"	3945	"g"	"A"	1	14
"69"	3127	"c"	"A"	1	16
"70"	8752	"t"	"A"	1	18
"71"	242	"g"	"A"	0.8	20
"72"	3304	"a"	"G"	0.8	22
"73"	7658	"c"	"A"	0.8	24
"74"	4672	"t"	"A"	0.8	26
"75"	4229	"t"	"A"	0.8	28
"76"	7244	"t"	"A"	0.8	30
"77"	6064	"t"	"A"	0.8	32
"78"	3352	"c"	"A"	0.8	34
"79"	5811	"c"	"A"	0.8	36
"80"	342	"g"	"A"	0.8	38
"81"	4160	"a"	"G"	0.77	40
"82"	8031	"c"	"A"	0.77	42
"83"	2066	"c"	"A"	0.77	44
"84"	630	"g"	"A"	0.77	46
"85"	8035	"a"	"G"	0.77	48
"86"	3328	"a"	"G"	0.77	50
"87"	7656	"g"	"A"	0.77	52
"88"	3170	"t"	"A"	0.77	54
"89"	2989	"g"	"A"	0.77	56
"90"	6334	"t"	"A"	0.77	58
"91"	8504	"c"	"A"	0.75	60
"92"	7479	"g"	"A"	0.75	62
"93"	1032	"c"	"A"	0.75	64
"94"	3098	"t"	"A"	0.75	66
"95"	5445	"g"	"A"	0.75	68
"96"	5108	"t"	"A"	0.75	70
"97"	2347	"a"	"G"	0.75	72
"98"	8814	"t"	"A"	0.75	74
"99"	6915	"a"	"G"	0.75	76
"100"	7377	"g"	"A"	0.75	78
"101"	8011	"t"	"A"	0.5	80
"102"	4189	"t"	"A"	0.5	81
"103"	6053	"c"	"A"	0.5	82
"104"	3641	"c"	"A"	0.5	83
"105"	7009	"g"	"A"	0.5	84
"106"	1940	"t"	"A"	0.5	85
"107"	4999	"a"	"G"	0.5	86
"108"	2374	"c"	"A"	0.5	87
"109"	535	"c"	"A"	0.5	88
"110"	3370	"g"	"A"	0.5	89
